ID,Gender,Height (CM),Age,Activity,Weight (KG),Adipose (%),Water (%),Muscles (%),Bones (KG),Puls (BPM),SpO2 (%),Breast girth (mm),Waist girth (mm),Hips girth (mm),Thigh girth (mm),Calf girth (mm),Body height (mm),Shoulder height (mm),Leg length (mm),Body Volume (l)
3,0,170,51,3,61.6,23.4,55.9,32.5,6.9,0,0,927.781,751.763,1002.03,564.48,378.78,1708.41,1434.18,766.389,63.9158
7,0,167,25,4,56.5,22.5,56.6,37.7,6.6,82,99,837.029,677.68,1011.9,575.117,352.263,1677.1,1416.34,764.696,57.4283
8,0,167,23,4,55.5,21.6,57.2,37.8,6.4,97,99,861.225,730.932,968.312,551.02,330.266,1675.84,1399.79,740.904,57.7378
16,0,171,26,3,56.4,20.6,58,37.6,6.9,88,98,871.249,695.143,933.365,528.833,330.21,1706.5,1442.22,771.161,57.2972
21,0,161,22,3,68.8,31.5,49.9,34.7,7,92,97,929.296,773.26,1109.47,671.987,377.748,1608.74,1356.12,709.896,72.6213
22,0,165,22,3,70.4,30.7,50.6,34.9,7.2,89,98,864.31,722.913,1122.31,677.294,404.958,1666.32,1400.48,722.62,72.9127
25,0,164,23,3,86.1,36.2,46.5,32.8,8.3,71,98,1102.34,839.226,1210.05,743.084,461.994,1643.31,1372.57,711.722,89.5269
28,0,173,22,2,70.9,29.3,51.6,37.7,7.4,100,97,978.398,793.923,1071.79,639.318,379.41,1751.26,1467.86,805.032,73.6898
30,0,167,23,2,60,25.7,54.3,36.8,6.6,85,98,935.365,754.798,1008.89,601.156,357.824,1669.77,1399.9,749.032,64.6262
34,0,167,21,4,54.8,19.9,58.5,38.3,6.3,62,100,906.242,637.462,898.4,499.416,379.213,1682.69,1415.18,707.88,56.7656
35,0,167,21,2,52.2,20.3,58.2,39.1,6,97,99,840.461,643.816,962.919,578.835,329.092,1685.14,1414.88,735.5,55.2383
36,0,165,21,3,50.5,20.4,58.1,39.2,5.8,90,97,868.12,664.608,927.725,522.938,343.749,1641.9,1389.71,748.618,52.3674
39,0,170,23,3,55.1,19.8,58.6,38.3,6.5,100,99,876.923,695.655,973.508,547.61,343.503,1693.7,1408.7,754.476,57.0335
40,0,165,20,3,49.5,18.4,59.6,39.8,5.7,87,97,770.528,644.099,918.232,511.593,317.812,1670.03,1388.4,703.499,51.2623
41,0,160,20,2,55.2,26.3,52.8,37.5,5.8,87,97,909.238,755.618,945.893,550.356,356.938,1577.93,1325.27,672.509,58.1533
42,0,176,19,3,64.4,22.4,56.7,37.7,7,84,99,882.728,706.318,1029,608.09,377.115,1746.14,1467.4,777.634,65.8341
43,0,174,20,2,70,27.5,52.9,36.1,7.3,110,98,989.343,776.693,1052.77,634.52,381.426,1750.98,1477.93,804.019,72.0241
44,0,160,30,3,50.6,22.3,56.7,36.8,6.3,95,98,855.422,646.062,947.888,570.26,341.15,1593.3,1325.35,687.046,52.8278
45,0,155,21,2,54.7,28.9,51.9,36.7,5.7,130,98,935.756,736.966,930.389,553.249,370.508,1512.72,1265,666.572,56.3585
46,0,170,22,4,66.1,25.3,54.6,36.2,7.3,64,97,935.215,763.059,1034.15,626.225,368.599,1713.73,1442.74,774.997,68.0802
47,0,176,23,4,77.9,28.2,52.4,34.9,8.3,67,99,1012.71,749.544,1130.02,672.219,398.054,1755,1474.38,769.026,79.5996
49,0,178,21,2,75.6,28,52.5,35.7,7.9,85,99,977.704,773.04,1065.78,616.364,406.721,1783.69,1493.47,804.412,77.6467
50,0,165,24,3,52.2,20.1,58.3,38.2,6.2,81,99,868.124,675.245,943.654,568.474,320.59,1648.5,1390.58,747.377,53.8993
51,0,172,20,2,62.3,25,54.7,37.6,6.7,100,100,922.909,689.837,1010.92,610.664,369.083,1686.79,1417.15,761.846,63.6368
52,0,161,20,2,56.6,26.3,53.8,37.3,6,100,99,875.539,717.976,977.752,602.364,370.004,1619.04,1357.6,744.557,57.6883
53,0,170,19,3,56,19.6,58.7,38.9,6.3,135,100,885.401,647.935,961.046,560.343,349.72,1684.17,1414.99,755.556,58.0641
54,0,157,61,2,69.3,38.5,44.9,28.7,5.6,86,96,1185.9,898.623,1072.12,619.174,376.386,1563.12,1314.19,679.669,74.6249
55,0,164,20,5,54.3,20.8,57.8,38.3,6.1,62,99,856.011,662.76,907.284,536.278,346.432,1683.47,1400.02,734.533,55.3731
58,0,170,23,4,65,24.6,55,36.3,7.3,86,98,914.76,703.26,1027.83,635.957,365.814,1707.63,1435.28,752.94,66.7688
60,0,176,23,1,102.6,38.1,45.2,32.4,9.7,88,98,1162.51,1000.27,1260.33,758.199,451.108,1742.05,1462.84,768.539,106.446
61,0,158,24,4,55.9,24.4,54.5,36.3,6.3,85,98,954.228,777.526,946.382,576.948,350.842,1558.58,1307.68,679.868,58.2953
62,0,160,22,4,60.7,29,51.8,35.9,6.4,55,99,963.956,729.249,1043.37,620.946,374.564,1575.57,1308.43,678.512,61.9114
63,0,168,21,5,59.9,24.4,55.2,37.4,6.6,80,97,971.743,688.133,1005.6,593.341,348.093,1646.5,1401.85,757.263,61.1124
64,0,162,23,5,55.5,24,45.5,37.1,6.3,95,97,810.661,683.878,981.071,582.338,341.502,1586,1330.63,703.735,56.0454
65,0,170,20,3,58.7,21.8,57.1,38,6.5,90,99,943.682,674,978.802,555.264,339.587,1698.97,1448.25,782.854,60.3857
72,0,164,22,3,54.3,21.9,57,37.9,6.2,95,97,896.258,658.694,989.646,560.314,334.851,1638.76,1364.25,690.616,56.5285
75,0,168,39,3,62.9,26.4,53.7,33.9,7.7,82,100,910.94,766.579,1004.51,624.698,374.584,1670.06,1390.82,746.877,66.8653
76,0,177,24,2,98,36.3,46.5,32.8,9.6,120,100,1247.65,1023.45,1227.02,729,441.931,1788.13,1523.62,857.703,103.418
78,0,158,25,3,49.4,22.1,56.9,37.7,5.8,85,97,845.474,638.089,958.266,538.424,340.205,1576.22,1331.45,701.971,51.8887
79,0,168,23,3,66.3,27.1,53.2,35.7,7.2,65,99,963.659,758.572,1042.37,609.169,372.457,1688.84,1415.59,749.966,68.4748
82,0,165,20,3,51.6,19.6,58.7,39.1,5.9,10.5,100,869.118,690.126,921.965,547.734,336.448,1661.57,1390.93,737.935,53.1214
85,0,172,22,2,59.7,22.9,56.2,37.7,6.7,95,100,902.418,700.405,979.017,604.204,357.16,1715.49,1455.23,792.881,61.6749
87,0,159,18,2,54.3,26,54,37.9,5.6,120,97,901.629,704.572,955.302,558.37,346.811,1614.63,1345.59,718.301,57.2267
89,0,173,21,2,53.1,18.1,59.8,39.7,6.2,112,99,876.914,637.094,982.392,578.834,331.415,1710.89,1439.96,746.219,57.2098
90,0,178,21,2,64.1,22.6,56.5,37.8,7.2,103,99,911.639,701.123,1002.34,582.052,368.917,1812.76,1525.23,815.824,67.0138
91,0,169,33,2,49.2,17.9,59.9,38,6.6,85,100,840.608,642.774,918.026,534.829,315.656,1749.43,1442.41,790.658,52.0216
93,0,159,19,2,56.2,27.4,53,37.2,5.8,61,98,914.362,678.943,1015.89,614.103,355.654,1569.59,1321.84,697.036,59.2224
98,0,170,21,2,55.8,22,58.9,38.5,6.3,92,98,890.808,683.151,945.143,537,327.203,1707.47,1434.76,766.679,57.1095
102,0,169,20,3,52.7,17.8,60,39.5,6.1,90,94,827.074,655.631,954.49,551.234,327.051,1719.3,1448.73,769.161,54.8513
103,0,173,21,4,64.3,22.9,86.3,37,7.2,99,71,1013.63,699.396,983.084,583.724,366.112,1714.96,1443.35,786.447,65.7073
104,0,168,19,3,48.7,15.8,61.5,40.7,5.7,120,100,848.043,629.909,905.172,525.23,317.555,1668.76,1394.24,741.377,52.4705
105,0,168,25,4,53.8,18.6,59.4,38.1,6.6,100,98,868.708,674.81,963.507,577.587,331.854,1686.85,1421.76,750.002,55.9439
108,0,150,21,3,44.7,23,56.2,38.5,5,104,100,855.423,614.675,921.661,536.522,330.442,1467.46,1233.04,662.494,45.0764
109,0,170,27,5,59.4,21,57.6,36.7,7.3,67,100,924.663,686.357,950.094,567.467,350.79,1689.06,1424.35,786.376,59.9389
115,0,167,21,3,55.7,21.5,57.3,38.2,6.3,90,97,1086.04,666.587,976.177,1164.32,345.626,1679.21,1404.87,741.585,57.3578
1,1,180,27,3,65.8,13.2,63.3,46.7,10.1,70,99,938.295,725.052,962.934,553.555,353.687,1826.69,1544.9,847.813,67.6835
2,1,177,52,3,69.8,18.5,59.5,41.5,9.6,68,0,986.592,845.743,951.371,558.263,370.492,1783.93,1519.57,793.353,73.3372
4,1,183,27,2,91.1,23.1,56.2,42.8,11.3,106,97,991.8,815.867,1029.54,1216.16,395.18,1842.42,1560.9,791.378,82.7338
5,1,179,26,3,84.8,23.1,56.1,41.7,11.7,85,99,1021.81,907.833,1062.96,1241.86,416.962,1765.98,1490.21,733.935,83.8877
6,1,172,26,3,73.3,20.3,58.2,43.8,10.4,79,99,1021.1,833.205,1002.38,587.061,401.142,1712.71,1424.48,720.421,74.6441
9,1,185,24,3,81,19,59.1,43.3,11.4,69,99,968.427,829.928,1051.99,621.283,405.534,1865.99,1559.13,785.983,81.6411
10,1,183,22,3,76.4,17.4,60.3,44.5,10.8,67,100,968.498,826.458,1038.27,596.038,386.303,1801.86,1507.28,788.706,78.4092
11,1,201,25,3,84.3,13.8,63,44,12.6,97,98,995.213,812.738,1071.03,578.759,395.316,2031.09,1711.67,954.843,88.0992
12,1,191,20,2,76.1,16.7,60.8,45.7,10.5,90,97,947.386,772.534,1003.89,560.751,366.282,1940.58,1616.58,851.27,80.0143
13,1,179,19,3,69.6,14.5,62.4,46.6,9.7,98,98,937.045,819.769,996.996,587.46,365.207,1803.67,1505.29,776.47,72.701
14,1,189,20,3,89,17.4,60.3,42.5,12.2,73,99,1069.41,845.309,1051.41,596.472,411.923,1885.92,1589.12,823.238,89.3972
15,1,184,23,3,68.2,11.7,64.4,48.8,10.2,88,100,915.809,721.915,948.811,541.448,374.535,1859.36,1540.53,823.953,68.8303
17,1,195,22,4,102.9,21.6,57.3,40.3,13.8,80,98,1037.32,859.295,1183.01,680.687,424.376,1972.29,1653.59,819.993,104.696
18,1,180,24,3,62.7,9.3,66.2,48.3,9.6,84,100,903.24,730.05,916.679,522.54,341.53,1803.57,1504.54,766.533,64.809
19,1,175,22,3,68.6,15.9,61.4,45.9,9.7,88,98,914.197,774.44,995.723,574.355,377.186,1740,1455.63,749.05,69.4612
20,1,185,22,1,84.7,26,54,42.7,10.9,85,97,1018.47,906.043,1071.31,619.347,395.634,1851.87,1540.02,779.125,87.7588
23,1,189,20,3,78.1,15.4,61.8,44.9,10.9,80,97,957.797,800.219,1022.88,578.592,376.345,1905.03,1616.15,871.788,79.7891
24,1,184,22,3,82.1,19.7,58.6,43.2,11.2,75,97,996.273,895.036,1035.65,587.43,371.907,1842.23,1543.26,786.286,83.7008
26,1,193,20,3,68,6.9,68,48.3,10.3,95,99,876.223,703.474,969.387,534.22,342.787,1939.61,1633.67,862.794,70.3396
27,1,181,22,3,73.4,16.2,61.2,45.2,10.4,100,98,994.239,821.414,985.395,553.82,380.491,1832.25,1537.39,785.191,75.8076
29,1,189,26,5,78.8,6.5,68.3,44,12.6,69,100,966.161,798.853,1016.92,605.055,415.117,1880.77,1600.78,857.858,79.7029
31,1,174,22,2,78.1,27.4,53,43.3,9.9,89,97,1027.88,906.01,1022.31,576.823,391.895,1760.86,1451.11,681.592,81.5894
33,1,179,24,3,79.9,20.8,57.8,43.1,11.1,70,98,1027.87,887.967,1003.66,584.965,380.037,1745.36,1491.51,738.792,80.4329
37,1,180,30,1,76.9,25.4,54.5,43.2,10.8,82,98,930.471,850.159,1036.65,609.537,382.146,1772.74,1503.18,785.414,78.2603
38,1,175,22,2,73.3,22.4,56.7,44.6,9.8,55,95,1007.03,889.033,987.126,537.677,346.02,1736.41,1462.43,748.2,73.797
48,1,182,22,3,75.7,17.2,60.5,44.6,10.6,134,96,987.53,806.946,1032.47,597.256,389.483,1818.52,1559.08,826.693,77.1839
56,1,180,23,3,74,17.2,60.5,44.7,10.5,85,97,1015.09,806.651,980.127,567.362,390.268,1783.08,1509.41,809.034,75.7933
57,1,179,23,3,70.8,15.4,61.8,45.6,10.2,55,97,1007.27,786.636,947.505,540.143,364.138,1779.67,1480.71,780.965,70.6509
59,1,180,20,3,64.3,10.4,65.4,48.4,9.4,106,99,941.469,722.774,968.946,572.582,359.12,1785.08,1484.73,786.011,67.4992
66,1,183,26,4,74,11.9,64.3,44.7,11.3,62,98,1063.21,786.925,1028.33,605.771,361.849,1824.41,1539.64,827.4,75.0809
67,1,180,24,2,92.8,28.9,51.9,40.5,11,100,99,1127.31,971.094,1157.12,687.87,391.02,1803.6,1529.52,798.585,94.3055
68,1,178,26,2,83.6,26.1,54,41.9,11.2,100,98,1063.2,910.407,1085.41,631.371,429.451,1760.65,1453.2,740.432,84.5097
69,1,176,23,3,79.2,21.5,57.3,43.1,10.8,63,98,1044.28,830.161,1069.2,621.041,411.879,1736.18,1446.92,758.979,79.3068
70,1,187,24,3,75.5,15.1,62,45,11,75,97,982.057,849.433,1012.69,594.654,366.07,1833.6,1529.02,806.248,77.4898
71,1,193,29,3,89.6,20.1,58.3,41.7,13.1,62,99,989.011,844.42,1116.97,676.387,405.301,1891.37,1593.71,824.152,90.4136
73,1,174,21,3,67.8,15.9,61.4,46.3,9.5,79,99,987.605,780.657,966.809,559.417,355.664,1734.86,1444.38,739.93,70.8023
74,1,164,29,4,59.2,10.1,65.6,48.8,9.4,60,98,951.76,772.52,976.056,559.995,347.263,1620.98,1365.14,691.994,60.5305
77,1,191,20,3,78.4,15.2,61.9,45,11.1,70,98,969.371,819.011,1036.27,608.043,374.856,1883.27,1600.19,848.044,80.0569
80,1,175,21,3,67.5,16,61.3,46.5,9.5,88,98,963.573,779.901,968.234,573.664,375.813,1722.07,1456.65,737.343,69.9132
81,1,188,23,2,68,13.3,63.3,47.5,10,85,99,914.916,746.082,969.926,540.789,332.743,1860.27,1573.73,839.056,70.4967
83,1,179,22,5,75.3,8.4,66.9,44.5,11.4,65,100,1016.11,807.379,1010.68,567.685,370.298,1778.7,1497.58,790.918,73.4699
84,1,181,21,3,64,9.5,66,48.4,9.5,64,99,940.164,688.051,960.243,524.422,351.83,1788.59,1501.52,816.884,62.8953
86,1,185,30,2,66.7,14.5,62.4,46.6,10.4,97,99,1021.4,782.448,948.498,550.985,353.11,1808.31,1520.34,808.774,70.174
88,1,180,32,2,70.3,20.8,57.8,20.8,10.5,107,96,965.21,829.887,938.227,524.328,361.629,1817.17,1526.64,804.698,71.9412
92,1,175,27,2,66.4,19.3,56.9,45.9,9.6,90,98,956.255,804.651,912.567,527.319,380.23,1782.29,1492.27,786.137,68.252
94,1,195,20,2,110.4,29.1,51.8,39.4,13.4,110,97,1150.67,952.056,1209.06,707.025,421.892,1932.36,1663.67,871.849,113.71
95,1,190,20,4,82,13.7,63,44.1,11.6,74,100,1024.64,788.463,1022.18,593.058,382.37,1885.69,1597.22,834.132,83.6238
96,1,170,24,3,70.5,19.4,58.8,44.5,9.9,63,97,997.809,821.957,1016.81,599.594,367.44,1699.33,1455.95,755.895,71.2245
97,1,182,23,5,69.6,0,0,0,0,68,96,1009.93,764.733,955.417,548.129,365.025,1823.49,1538.53,828.945,69.5185
99,1,185,22,5,77.9,7.7,67.4,44.4,11.9,65,99,1068.51,806.905,1012.09,572.552,367.92,1876.18,1587.63,867.579,76.1786
100,1,190,21,5,84.2,9.5,66.1,43.5,12.5,106,97,1069.78,812.224,1077.45,620.649,373.817,1882.8,1590.71,843.2,86.108
101,1,186,20,2,66,12.3,64,48.3,9.5,98,99,938.495,708.467,950.456,525.018,341.441,1853.38,1578.1,822.158,68.3043
106,1,183,22,2,74.5,19.3,58.9,45.1,10.2,64,99,939.417,788.497,1037.43,607.802,396.342,1805.72,1516.14,799.984,76.1416
107,1,178,23,3,75.5,18.8,59.3,44.1,10.5,68,100,1023.86,805.203,996.636,582.946,411.781,1760.65,1457.03,762.789,76.3189
110,1,182,30,5,88.3,15.1,62,40.4,13.6,75,100,1165.26,881.289,1026.86,615.498,415.524,1813.42,1531.69,788.805,87.9997
111,1,189,17,2,77.9,18.9,59.6,45.4,10.2,81,100,1448.65,763.224,1014.08,1154.22,392.155,1895.09,1595.02,853.339,78.8529
112,1,172,18,2,62.6,16.8,60.8,48.2,8.5,75,97,1262.25,771.482,947.204,1040.42,369.196,1703.48,1428.8,740.07,64.6073
113,1,189,18,2,61,6.4,68.3,51.1,9.1,95,91,1458.65,718.043,940.949,1076.83,350.482,1804.87,1526.65,815.018,62.4531
114,1,188,18,3,73.4,12.9,63.6,46.3,10.3,81,91,1223.26,794.204,963.614,1049.5,366.005,1859.78,1590.18,839.071,74.3812